debtor_id,txn_count,avg_amt,median_amt,std_amt,unique_payees,mobile_pct
D0001,108,4049.9718518518516,386.625,14708.586892016714,108,0.2037037037037037
D0002,107,12777.262056074767,401.33,76126.16188207535,107,0.24299065420560748
D0003,95,3730.4451578947364,415.77,11714.221775046439,95,0.22105263157894736
D0004,106,4935.7,401.46,15586.41672974077,106,0.19811320754716982
D0005,92,4417.754347826087,387.145,10850.148850078207,92,0.21739130434782608
D0006,84,3141.719761904762,366.28999999999996,8340.572414840166,84,0.2857142857142857
D0007,108,5309.751851851852,396.625,19746.04626345528,108,0.25925925925925924
D0008,98,1069.8096938775511,391.65999999999997,1859.3416254859815,98,0.32653061224489793
D0009,77,1969.8954545454544,353.81,6013.103390950192,77,0.23376623376623376
D0010,85,10423.696352941175,372.28,40720.756403175335,85,0.2823529411764706
D0011,110,4560.276363636364,335.33500000000004,15001.076276524249,110,0.23636363636363636
D0012,91,6346.333406593406,368.3,25134.768073847747,91,0.32967032967032966
D0013,96,3915.936875,327.595,19997.5056711689,96,0.25
D0014,92,3082.0455434782607,397.115,10208.465119731918,92,0.21739130434782608
D0015,90,4570.946333333333,368.75,13085.308202876813,90,0.3888888888888889
D0016,113,3855.1846017699113,428.36,11789.767751076566,113,0.3008849557522124
D0017,105,2555.480952380952,359.17,8368.53419479257,105,0.2761904761904762
D0018,95,1115.2687368421052,374.71,3257.663579305986,95,0.23157894736842105
D0019,101,5083.751386138614,383.39,15141.02350807686,101,0.26732673267326734
D0020,92,2648.0291304347825,392.25,8724.41709786329,92,0.34782608695652173
D0021,114,3785.706754385965,403.1,10211.177499805392,114,0.18421052631578946
D0022,90,4226.131333333334,379.195,11703.398701338921,90,0.2111111111111111
D0023,99,5858.707070707071,356.36,21401.704523976747,99,0.2828282828282828
D0024,98,1964.939693877551,335.01,8054.080398123809,98,0.24489795918367346
D0025,100,2005.8841999999997,379.405,6793.838688930022,100,0.23
D0026,105,3081.7993333333334,348.58,11667.168281607355,105,0.2
D0027,102,7789.933823529412,388.43,54195.6416347114,102,0.29411764705882354
D0028,98,2789.502448979592,380.74,9878.042608592517,98,0.21428571428571427
D0029,115,2231.478,324.7,6658.391046771485,115,0.23478260869565218
D0030,104,2901.0286538461537,424.805,8728.950314452408,104,0.22115384615384615
D0031,90,1057.3915555555554,336.975,3180.148461175814,90,0.35555555555555557
D0032,107,2062.339906542056,318.46,6474.401277635056,107,0.2336448598130841
D0033,101,2085.034752475248,381.66,6241.886221784342,101,0.18811881188118812
D0034,88,3302.939545454545,384.79499999999996,9413.38153436231,88,0.2159090909090909
D0035,101,2116.999504950495,362.14,7061.079219061826,101,0.22772277227722773
D0036,110,2230.068818181818,361.65999999999997,6120.353818092536,110,0.21818181818181817
D0037,88,6935.2385227272725,339.29999999999995,49538.90831537247,88,0.36363636363636365
D0038,100,2747.9741000000004,375.86,9072.431760231473,100,0.3
D0039,108,3084.9949074074075,414.645,7742.666353983454,108,0.2222222222222222
D0040,106,3185.9322641509434,405.78,12046.474736762442,106,0.36792452830188677
D0041,108,3554.9700925925927,382.58500000000004,10342.623648931469,108,0.25
D0042,93,2151.6550537634407,386.93,6107.928764772388,93,0.26881720430107525
D0043,99,9784.969898989899,350.26,48507.17574181033,99,0.23232323232323232
D0044,105,2992.9575238095235,366.27,9200.058938178765,105,0.4095238095238095
D0045,100,5723.4789,420.615,18401.03682017434,100,0.28
D0046,108,1788.0447222222222,378.25,7225.579091804496,108,0.2962962962962963
D0047,84,1851.5513095238096,352.305,4863.561327280282,84,0.27380952380952384
D0048,88,1870.7730681818182,340.995,6820.7257736116335,88,0.2727272727272727
D0049,103,2180.533300970874,359.49,7605.660775276735,103,0.23300970873786409
D0050,84,6775.056666666666,434.065,16909.82047178071,84,0.25
D0051,85,3919.6537647058826,356.67,12615.745007504367,85,0.29411764705882354
D0052,101,17706.799306930694,353.78,142244.56077379253,101,0.2376237623762376
D0053,113,2503.133716814159,348.14,12888.548449374906,113,0.25663716814159293
D0054,116,5057.744655172414,427.265,17417.75813845265,116,0.25862068965517243
D0055,114,3476.943245614035,384.685,12011.614311815374,114,0.20175438596491227
D0056,84,3524.9439285714284,365.82,10869.276574357185,84,0.25
D0057,85,2239.8516470588233,408.72,7708.704025392622,85,0.27058823529411763
D0058,94,1325.1730851063828,412.81500000000005,4071.2085651373063,94,0.2127659574468085
D0059,96,3820.0238541666663,425.66999999999996,12485.38395938491,96,0.21875
D0060,92,2798.228586956521,414.51,15050.703887982263,92,0.1956521739130435
D0061,100,2564.9713,358.07000000000005,8991.268237332033,100,0.33
D0062,114,4012.11447368421,338.57,11549.60072022444,114,0.21929824561403508
D0063,111,2172.6416216216217,383.4,7750.248679538266,111,0.2972972972972973
D0064,75,3150.2765333333336,324.02,10510.746483063855,75,0.2
D0065,100,3368.8154,452.87,9773.63936162119,100,0.26
D0066,102,4012.277450980392,376.995,13093.964223575178,102,0.20588235294117646
D0067,90,2466.239,391.41499999999996,7184.3089261150435,90,0.24444444444444444
D0068,89,2585.6008988764047,396.04,8091.973521215278,89,0.30337078651685395
D0069,103,3522.0333980582523,435.46,10009.483737345568,103,0.2815533980582524
D0070,111,5296.139009009008,392.71,15701.147783612569,111,0.32432432432432434
D0071,107,2944.2998130841124,347.97,10814.908963711263,107,0.29906542056074764
D0072,97,4777.326907216495,369.48,14787.680148030484,97,0.27835051546391754
D0073,97,3023.92824742268,421.8,9320.108838687298,97,0.25773195876288657
D0074,87,1913.8996551724138,369.63,6540.273553341677,87,0.20689655172413793
D0075,98,1938.8873469387754,347.61,5782.517819313437,98,0.2857142857142857
D0076,109,2519.7077064220184,386.92,8393.857718860354,109,0.21100917431192662
D0077,100,4898.9773,425.475,14803.702935872065,100,0.27
D0078,112,35521.92669642857,352.77,344511.79744339234,112,0.24107142857142858
D0079,105,1850.9219047619047,378.94,5137.621849674243,105,0.23809523809523808
D0080,88,4255.922045454546,358.6,19871.518978147666,88,0.3068181818181818
D0081,108,2523.974074074074,378.655,9518.697642281224,108,0.25925925925925924
D0082,94,2999.1225531914897,403.985,10356.039139316319,94,0.20212765957446807
D0083,89,2095.5294382022475,337.74,7568.4055091392265,89,0.24719101123595505
D0084,101,3590.238613861386,362.1,15105.463851738683,101,0.22772277227722773
D0085,92,2964.5168478260866,347.35,11065.881747697767,92,0.31521739130434784
D0086,81,5980.683456790123,400.31,21387.267361090344,81,0.2345679012345679
D0087,92,11897.535869565216,374.45,75683.18907713615,92,0.25
D0088,102,3773.8192156862747,342.235,11616.548052661065,102,0.27450980392156865
D0089,97,4493.745360824742,430.17,12857.665730011355,97,0.26804123711340205
D0090,108,2474.731111111111,392.92499999999995,7907.937054067872,108,0.2222222222222222
D0091,98,5359.506428571429,345.435,17636.36275131262,98,0.20408163265306123
D0092,108,3141.451111111111,341.655,10839.368628520133,108,0.25925925925925924
D0093,108,7910.03037037037,392.04999999999995,29361.187818965653,108,0.25925925925925924
D0094,104,4142.153942307692,366.86,14091.82288780011,104,0.22115384615384615
D0095,100,5105.4669,392.53999999999996,21630.73605203352,100,0.26
D0096,110,2115.3375454545453,377.53,6038.407725315118,110,0.3090909090909091
D0097,119,2708.2714285714283,365.04,11634.242150663564,119,0.2857142857142857
D0098,97,1118.918556701031,324.81,2088.3947518404084,97,0.28865979381443296
D0099,94,3685.7999999999997,324.575,20172.11132217613,94,0.22340425531914893
D0100,101,1943.0058415841584,357.9,9233.684988972309,101,0.2079207920792079
D0101,105,1635.1325714285713,350.23,4549.924187835448,105,0.26666666666666666
D0102,114,4487.423070175439,398.105,13436.858192881322,114,0.24561403508771928
D0103,91,4392.7063736263735,394.32,18358.730299705036,91,0.25274725274725274
D0104,105,3467.117238095238,386.98,10309.749105365634,105,0.29523809523809524
D0105,105,2472.0042857142857,358.78,9366.900671919679,105,0.22857142857142856
D0106,94,4375.795744680851,374.78,14770.320083929537,94,0.26595744680851063
D0107,97,3062.7398969072165,408.03,9484.375481904053,97,0.23711340206185566
D0108,101,2838.2914851485148,393.69,9895.55296436459,101,0.2871287128712871
D0109,90,2291.0284444444446,333.635,8603.403976566342,90,0.2777777777777778
D0110,100,3721.2446,323.64,12043.86333415809,100,0.2
D0111,118,2390.084661016949,427.41999999999996,8290.692992677714,118,0.3135593220338983
D0112,112,1606.7373214285712,414.04499999999996,4427.783813108447,112,0.26785714285714285
D0113,117,3594.881709401709,326.21,10869.380312120014,117,0.3076923076923077
D0114,81,4448.5080246913585,354.25,12946.92875559677,81,0.2839506172839506
D0115,91,2125.265934065934,397.6,6254.685208357541,91,0.2857142857142857
D0116,104,3900.1808653846156,395.01,11161.597939583247,104,0.25
D0117,92,3096.1191304347826,363.47,9340.266477797717,92,0.32608695652173914
D0118,86,2516.648953488372,356.115,7674.13142103108,86,0.2558139534883721
D0119,99,3586.2859595959594,435.6,11117.105287687733,99,0.35353535353535354
D0120,101,2279.4136633663366,359.8,8767.091817080362,101,0.3465346534653465
D0121,104,6074.118269230768,422.49,25424.018943768126,104,0.2403846153846154
D0122,89,2523.837640449438,356.34,8115.422722460867,89,0.1797752808988764
D0123,109,3880.152201834862,357.56,13648.513938378555,109,0.3302752293577982
D0124,82,3690.5475609756095,389.16499999999996,12961.226020438242,82,0.32926829268292684
D0125,100,1861.2830999999999,379.635,6415.116637074819,100,0.28
D0126,105,3904.2889523809527,409.64,11319.367599962237,105,0.21904761904761905
D0127,106,4208.924056603773,421.43,16481.777196038212,106,0.29245283018867924
D0128,95,3994.554105263158,336.0,13009.301738596501,95,0.18947368421052632
D0129,109,2954.4604587155964,353.52,9378.50527941364,109,0.1926605504587156
D0130,87,2075.0867816091954,354.65,5942.4818767305405,87,0.1839080459770115
D0131,96,2034.8943749999999,435.53999999999996,4465.428631519643,96,0.25
D0132,83,4210.42,427.67,11863.608735320922,83,0.3132530120481928
D0133,97,3755.512989690722,423.35,12084.79038319821,97,0.27835051546391754
D0134,95,4349.544421052632,415.52,12780.783431806176,95,0.21052631578947367
D0135,113,3172.7919469026547,337.45,10835.118429752416,113,0.2920353982300885
D0136,95,2599.5626315789473,398.18,10458.537756919008,95,0.30526315789473685
D0137,95,10387.858421052631,410.34,78405.2201657435,95,0.2
D0138,91,3201.684285714286,400.3,11849.378858410928,91,0.3626373626373626
D0139,106,2320.2973584905662,342.39,9523.37354425889,106,0.330188679245283
D0140,88,7766.376022727272,392.93,30565.77655243962,88,0.25
D0141,105,3360.492095238095,397.29,10156.413627444379,105,0.18095238095238095
D0142,122,1984.3898360655737,388.995,7373.051142920568,122,0.18032786885245902
D0143,106,3565.53320754717,424.7,10632.27970618975,106,0.20754716981132076
D0144,106,5057.644528301887,430.98,13478.409052527859,106,0.25471698113207547
D0145,86,2670.4386046511627,337.08000000000004,8855.127520456113,86,0.29069767441860467
D0146,104,1745.4930769230768,341.865,6990.154961609836,104,0.18269230769230768
D0147,112,3638.742142857143,396.71500000000003,11296.103585255269,112,0.22321428571428573
D0148,86,3655.29011627907,413.025,11541.36999788576,86,0.18604651162790697
D0149,106,3886.952452830188,422.11,18920.260500912555,106,0.27358490566037735
D0150,96,1687.5024999999998,357.235,5561.531776203198,96,0.19791666666666666
D0151,105,1562.088380952381,336.55,6005.427538955607,105,0.3142857142857143
D0152,109,6451.278165137614,384.59,29872.11691327048,109,0.27522935779816515
D0153,119,4053.6486554621847,373.57,14461.138887053961,119,0.2605042016806723
D0154,109,2473.7423853211008,304.66,9462.187256220386,109,0.29357798165137616
D0155,94,8451.833510638298,371.28,45087.87508179774,94,0.2978723404255319
D0156,104,2908.9449038461535,402.49,10992.157274757043,104,0.25961538461538464
D0157,79,1882.9803797468355,333.08,6014.790141146185,79,0.22784810126582278
D0158,115,8972.869217391304,345.14,73964.4474930309,115,0.22608695652173913
D0159,90,3282.8552222222224,385.53999999999996,10440.110265218773,90,0.24444444444444444
D0160,96,3132.8338541666667,404.495,10181.122188113322,96,0.25
D0161,88,2487.3670454545454,347.49,8509.566611156299,88,0.22727272727272727
D0162,101,3642.3519801980196,380.99,13679.390201098366,101,0.297029702970297
D0163,102,4521.910196078432,343.82500000000005,15065.93344534267,102,0.29411764705882354
D0164,102,4224.22431372549,392.39,19158.418284822077,102,0.2647058823529412
D0165,86,1426.5140697674417,397.485,3840.3223840798078,86,0.313953488372093
D0166,106,2203.088018867925,362.425,7521.831695073497,106,0.2358490566037736
D0167,103,5220.953980582524,409.48,17161.073581894827,103,0.14563106796116504
D0168,96,5099.4025,423.23,12608.993240730664,96,0.20833333333333334
D0169,119,1546.301512605042,345.35,2926.8544046996185,119,0.2773109243697479
D0170,103,3775.7179611650486,344.34,13276.386537768693,103,0.27184466019417475
D0171,95,2377.396210526316,398.31,8885.453810523773,95,0.28421052631578947
D0172,95,3001.437789473684,386.07,8980.83323922452,95,0.35789473684210527
D0173,95,3151.0765263157896,366.89,9742.715505123939,95,0.2631578947368421
D0174,97,3794.0255670103093,373.04,12566.568510478837,97,0.17525773195876287
D0175,99,2186.22202020202,403.61,6747.081555504918,99,0.1919191919191919
D0176,100,4200.8072999999995,441.07,13170.631545705814,100,0.17
D0177,93,7095.68870967742,496.53,34299.53841808288,93,0.27956989247311825
D0178,85,4195.048117647059,389.58,13479.335288766182,85,0.23529411764705882
D0179,122,1895.987786885246,385.775,6590.326835914969,122,0.21311475409836064
D0180,104,2808.489326923077,371.5,10084.528992189145,104,0.23076923076923078
D0181,113,3877.655132743363,383.72,16209.539676970819,113,0.18584070796460178
D0182,109,1871.5719266055046,403.03,4920.381313128131,109,0.2018348623853211
D0183,110,2602.609,415.04499999999996,7932.260696278384,110,0.16363636363636364
D0184,107,4246.249345794393,393.79,15950.397043637318,107,0.2336448598130841
D0185,102,2408.4064705882356,369.525,10058.330952806999,102,0.21568627450980393
D0186,103,1470.608640776699,338.39,4929.58772865341,103,0.27184466019417475
D0187,106,2583.0820754716983,405.68,8062.117185223707,106,0.2169811320754717
D0188,94,6347.835531914894,365.57,51282.55829818873,94,0.30851063829787234
D0189,105,2584.013142857143,405.01,7611.434376299141,105,0.2761904761904762
D0190,86,1597.0983720930233,428.605,3359.4613610198808,86,0.2441860465116279
D0191,98,4900.990714285714,431.03499999999997,11433.749468975044,98,0.23469387755102042
D0192,106,4410.306132075471,391.05,12687.751383620538,106,0.2641509433962264
D0193,92,2556.4908695652175,385.07500000000005,7951.300831289919,92,0.22826086956521738
D0194,101,7905.271782178217,352.79,55966.699795604996,101,0.21782178217821782
D0195,97,1786.9416494845361,367.27,6300.771427123144,97,0.1958762886597938
D0196,100,1202.5156,361.65,3081.0029676410195,100,0.25
D0197,94,3974.860638297872,365.235,13001.03091069674,94,0.19148936170212766
D0198,103,2050.6522330097087,352.92,5800.371090488467,103,0.23300970873786409
D0199,93,1925.2996774193548,388.15,7546.1938107766055,93,0.20430107526881722
D0200,84,2885.3865476190476,341.89,9439.027458326143,84,0.2619047619047619
D0201,98,3292.414387755102,354.32000000000005,10206.871123568892,98,0.25510204081632654
D0202,108,10598.810462962963,430.23,62446.033992248726,108,0.3055555555555556
D0203,99,2472.8757575757577,364.98,8492.670031469042,99,0.2222222222222222
D0204,89,2206.7744943820226,356.46,7003.523777922764,89,0.24719101123595505
D0205,99,1837.639191919192,356.63,5188.91082895911,99,0.23232323232323232
D0206,100,2744.7531,407.855,7329.196830685246,100,0.26
D0207,104,2346.653269230769,395.615,6840.260463161629,104,0.23076923076923078
D0208,90,3099.063555555556,387.77,8340.330294607314,90,0.2111111111111111
D0209,93,1534.6145161290322,326.19,4223.917957958227,93,0.21505376344086022
D0210,101,3840.7861386138616,356.05,18019.858152113957,101,0.26732673267326734
D0211,113,2266.7074336283185,365.24,6348.994844016198,113,0.25663716814159293
D0212,96,2531.0509375,405.445,7843.177325123048,96,0.2708333333333333
D0213,94,4703.351382978723,467.58500000000004,13020.84363671023,94,0.2127659574468085
D0214,91,3649.118351648352,412.78,11029.478174141861,91,0.26373626373626374
D0215,98,2756.742244897959,338.94,10154.197474551735,98,0.2857142857142857
D0216,87,3937.116666666667,403.93,10827.95939557969,87,0.22988505747126436
D0217,104,3961.0936538461538,355.14,11200.76109616326,104,0.22115384615384615
D0218,94,4269.208085106383,398.69,12825.955763962762,94,0.24468085106382978
D0219,94,3799.7291489361705,410.49,11504.869810124837,94,0.3191489361702128
D0220,102,1841.6733333333332,320.32,6045.1017325495795,102,0.27450980392156865
D0221,85,3161.7050588235293,396.97,9509.799742416542,85,0.18823529411764706
D0222,104,3856.3858653846155,387.68499999999995,10756.800899318703,104,0.2403846153846154
D0223,98,3743.0736734693883,389.72,12406.114621966786,98,0.2755102040816326
D0224,109,7501.51880733945,374.0,46843.43223666452,109,0.23853211009174313
D0225,88,3164.4635227272724,376.07000000000005,11214.753559912713,88,0.23863636363636365
D0226,117,2619.1632478632478,349.55,8142.414046197027,117,0.24786324786324787
D0227,96,4322.4175,356.855,20972.9226282967,96,0.19791666666666666
D0228,95,3183.194736842105,432.16,9766.098636833947,95,0.2736842105263158
D0229,91,2743.721978021978,337.47,10247.763480905289,91,0.2857142857142857
D0230,95,5064.918421052632,404.17,35177.98216713108,95,0.1368421052631579
D0231,102,1627.6404901960786,370.61,5198.959975667332,102,0.21568627450980393
D0232,98,2099.1602040816324,313.825,7053.663802198787,98,0.22448979591836735
D0233,87,3281.8901149425287,352.02,11073.674840347292,87,0.25287356321839083
D0234,80,4543.74625,380.115,12501.274007210443,80,0.15
D0235,97,2766.7193814432985,354.21,9308.122268116591,97,0.28865979381443296
D0236,91,9760.231648351648,401.41,49657.61653510185,91,0.23076923076923078
D0237,111,3069.026126126126,404.46,8847.401689147464,111,0.27927927927927926
D0238,93,2146.0629032258066,364.82,7234.690504809867,93,0.16129032258064516
D0239,90,12527.614111111112,465.90999999999997,81620.01758099838,90,0.2777777777777778
D0240,105,4596.174952380952,378.48,18390.333713205997,105,0.26666666666666666
D0241,110,2328.0524545454546,382.12,6671.046149176634,110,0.2909090909090909
D0242,97,2745.1684536082475,376.28,8517.202089340446,97,0.2268041237113402
D0243,100,3579.7147999999997,398.885,10804.923579629864,100,0.24
D0244,121,3749.84826446281,401.14,10825.425605396515,121,0.2644628099173554
D0245,85,4291.680823529412,368.35,11429.422286075465,85,0.3764705882352941
D0246,95,7657.234210526316,416.03,43829.54957519671,95,0.22105263157894736
D0247,94,4254.598723404256,362.08500000000004,19995.0043006097,94,0.2765957446808511
D0248,95,1949.814105263158,381.51,5370.569502314283,95,0.25263157894736843
D0249,107,2616.950280373832,354.26,10162.592118983028,107,0.24299065420560748
D0250,88,4933.351477272728,393.405,19082.695803841816,88,0.23863636363636365
D0251,106,3235.473490566038,354.62,10612.751737771745,106,0.27358490566037735
D0252,112,2930.742767857143,366.695,9863.397438821283,112,0.25
D0253,102,3532.434607843137,383.71500000000003,12408.89538818002,102,0.28431372549019607
D0254,103,3134.2774757281554,336.67,10882.188103944483,103,0.13592233009708737
D0255,100,2994.6696,355.575,9553.067392220833,100,0.2
D0256,102,1951.4264705882354,403.325,6173.41044505981,102,0.23529411764705882
D0257,106,2001.928679245283,387.86,8493.377683470595,106,0.2830188679245283
D0258,105,2457.686761904762,406.11,8111.484091577471,105,0.2857142857142857
D0259,75,3853.513866666666,335.15,11306.558132554166,75,0.18666666666666668
D0260,96,2204.6265625,351.875,7640.584046451976,96,0.25
D0261,90,2412.767333333333,344.42,7046.376808224243,90,0.23333333333333334
D0262,116,2471.6419827586205,347.025,9535.69206163775,116,0.23275862068965517
D0263,103,6467.218155339806,325.32,38603.053817480446,103,0.24271844660194175
D0264,95,3268.9435789473687,376.37,15537.31807999756,95,0.23157894736842105
D0265,100,3807.8745,420.29499999999996,10697.177121499202,100,0.21
D0266,91,1869.4613186813187,375.65,5955.188901557141,91,0.1978021978021978
D0267,110,6232.443636363637,451.855,31037.004623934026,110,0.21818181818181817
D0268,108,2342.659722222222,422.605,6523.709717500337,108,0.28703703703703703
D0269,101,3545.738118811881,448.74,13586.38604165815,101,0.27722772277227725
D0270,109,1527.853119266055,321.73,6455.681868694158,109,0.22935779816513763
D0271,116,2750.701206896552,403.27,8913.658519182418,116,0.25
D0272,103,4550.007378640777,364.69,13845.337587871285,103,0.27184466019417475
D0273,100,3888.8231,389.47,11102.015282687358,100,0.34
D0274,113,7405.059026548673,377.7,48468.85934897498,113,0.2743362831858407
D0275,90,2451.115777777778,372.31,7425.5943246867555,90,0.17777777777777778
D0276,80,2926.894375,420.55,8004.377952861183,80,0.275
D0277,115,3444.557565217391,364.82,11360.137918931094,115,0.20869565217391303
D0278,108,3538.9861111111113,390.875,11312.863345448006,108,0.2777777777777778
D0279,100,4371.670999999999,397.015,20514.788258697263,100,0.35
D0280,94,2399.003829787234,362.905,6950.062098085555,94,0.18085106382978725
D0281,96,1904.1977083333331,366.2,6830.415024683959,96,0.40625
D0282,101,3580.6627722772278,446.7,10505.166515388044,101,0.2376237623762376
D0283,94,5584.528404255319,390.28999999999996,18655.540695576947,94,0.23404255319148937
D0284,90,6070.682111111111,385.94500000000005,20720.925781406055,90,0.28888888888888886
D0285,99,4696.447474747474,355.35,15520.377301683717,99,0.3333333333333333
D0286,120,4195.465416666667,361.42,16544.930173363697,120,0.20833333333333334
D0287,92,3602.071630434783,410.845,11395.436848256148,92,0.2717391304347826
D0288,102,2915.983823529412,378.2,16324.479595897246,102,0.2549019607843137
D0289,103,3417.0279611650485,415.68,10912.852970428175,103,0.2621359223300971
D0290,100,3784.0847999999996,429.435,12855.236892015853,100,0.25
D0291,89,1461.6470786516854,326.54,4419.892026814219,89,0.23595505617977527
D0292,94,3976.1727659574467,356.25,13590.756022160316,94,0.2978723404255319
D0293,103,10198.04650485437,404.29,74627.01112909116,103,0.3106796116504854
D0294,109,1848.7589908256882,363.11,5158.28128779128,109,0.23853211009174313
D0295,110,6802.208727272728,428.66499999999996,23516.70378510448,110,0.2636363636363636
D0296,91,12026.232197802197,361.34,69708.44520953964,91,0.23076923076923078
D0297,101,3605.297623762376,332.7,11191.294929532341,101,0.31683168316831684
D0298,93,4790.661182795699,384.79,14409.560402652052,93,0.1935483870967742
D0299,99,2189.4776767676767,322.85,7760.462926371427,99,0.1919191919191919
D0300,95,2932.2704210526317,390.06,9687.772600503255,95,0.28421052631578947
D0301,105,3255.8390476190475,373.08,10061.07914139409,105,0.21904761904761905
D0302,98,2327.52387755102,401.195,9075.27240766621,98,0.30612244897959184
D0303,80,2123.231,349.83500000000004,6169.649904113735,80,0.3125
D0304,105,4097.170761904762,428.18,13462.343522026307,105,0.29523809523809524
D0305,103,3328.4329126213593,393.13,10463.870978603569,103,0.18446601941747573
D0306,88,3044.8742045454546,427.57500000000005,10561.586755959503,88,0.23863636363636365
D0307,95,2540.379684210526,405.54,8153.656775879758,95,0.30526315789473685
D0308,100,4656.393,326.29,21572.074482421915,100,0.31
D0309,123,2646.2267479674797,377.15,7882.995989980794,123,0.2845528455284553
D0310,106,4644.797264150943,408.735,12875.932251736038,106,0.19811320754716982
D0311,102,2564.6507843137256,357.815,9529.943786124059,102,0.3333333333333333
D0312,107,2932.704859813084,416.9,7825.147002588848,107,0.18691588785046728
D0313,117,5814.935128205128,382.23,22889.972054725586,117,0.20512820512820512
D0314,101,2869.0634653465345,332.46,9987.302422006096,101,0.2376237623762376
D0315,94,6397.265851063829,418.03499999999997,23421.667596378626,94,0.3191489361702128
D0316,119,4875.845714285714,360.62,14959.547857594616,119,0.25210084033613445
D0317,96,5967.109895833332,372.47,21243.4509255124,96,0.19791666666666666
D0318,96,28821.5175,383.865,251494.06774197394,96,0.2604166666666667
D0319,93,2435.9544086021506,395.18,6960.544808095822,93,0.23655913978494625
D0320,93,10199.27440860215,382.52,45406.64899788515,93,0.1935483870967742
D0321,118,3795.243813559322,373.71500000000003,10880.866796404156,118,0.3050847457627119
D0322,102,2441.310980392157,354.74,9049.084093177882,102,0.24509803921568626
D0323,111,3928.99963963964,374.47,13641.411803334317,111,0.22522522522522523
D0324,102,2477.552156862745,358.755,7712.227945901869,102,0.23529411764705882
D0325,118,10491.673644067796,421.75,71188.3431847626,118,0.288135593220339
D0326,109,2315.4511926605505,380.77,7084.058340570922,109,0.1651376146788991
D0327,112,9514.206875,360.735,59241.78740141078,112,0.17857142857142858
D0328,104,4130.859807692307,399.015,14208.678293174702,104,0.2403846153846154
D0329,98,2653.4842857142858,408.96000000000004,7921.228231979511,98,0.2755102040816326
D0330,102,3007.5014705882354,404.355,9692.704721257014,102,0.28431372549019607
D0331,93,10805.175053763442,357.93,74501.77389671624,93,0.20430107526881722
D0332,92,2613.213695652174,479.19,7024.69794933291,92,0.1956521739130435
D0333,95,3621.3586315789476,370.28,11097.222697364765,95,0.17894736842105263
D0334,99,5714.845454545454,403.23,14716.802999045985,99,0.23232323232323232
D0335,108,3345.5705555555555,354.395,12006.941059020339,108,0.23148148148148148
D0336,86,3131.9863953488375,430.70000000000005,9897.593889505126,86,0.19767441860465115
D0337,93,1805.881182795699,337.84,6096.879284316698,93,0.20430107526881722
D0338,108,2353.2205555555556,342.56,8059.43721679518,108,0.19444444444444445
D0339,103,3277.1893203883496,404.19,10969.450068831471,103,0.2524271844660194
D0340,109,6696.2957798165135,441.06,17949.701682911484,109,0.28440366972477066
D0341,103,3311.1781553398055,375.46,9490.419337955345,103,0.27184466019417475
D0342,96,1603.6411458333334,395.575,4866.8088558652225,96,0.3125
D0343,91,2066.98978021978,365.03,7814.761797155005,91,0.24175824175824176
D0344,102,1780.130294117647,404.87,6098.057543294554,102,0.3333333333333333
D0345,107,2532.527663551402,388.74,6957.1027769594275,107,0.24299065420560748
D0346,109,1874.2567889908255,404.42,6251.507847928294,109,0.2018348623853211
D0347,92,6113.45847826087,384.66999999999996,23314.15190251734,92,0.22826086956521738
D0348,111,3989.0499099099097,368.24,11143.935140424343,111,0.26126126126126126
D0349,111,1703.7141441441443,372.71,5346.536287988099,111,0.32432432432432434
D0350,106,3193.7941509433963,359.38,11461.712080547533,106,0.2830188679245283
D0351,113,3781.7507964601773,375.54,19486.625281975732,113,0.23008849557522124
D0352,109,7661.895779816514,378.78,47405.04530616688,109,0.22935779816513763
D0353,106,2640.679716981132,359.90999999999997,9513.16511910115,106,0.2169811320754717
D0354,96,2743.1823958333334,345.78499999999997,8797.00813989533,96,0.3333333333333333
D0355,96,2229.486770833333,379.575,7641.680854592893,96,0.23958333333333334
D0356,98,4331.453571428571,385.82,13871.396763832487,98,0.22448979591836735
D0357,99,4131.672020202021,368.66,13087.698999765047,99,0.20202020202020202
D0358,102,3740.131960784314,364.54499999999996,10945.061859482706,102,0.28431372549019607
D0359,97,1868.6637113402062,327.86,5813.775724437878,97,0.17525773195876287
D0360,106,3872.3106603773585,360.655,11460.504701418135,106,0.3018867924528302
D0361,101,3403.3432673267325,402.67,10165.855862602726,101,0.26732673267326734
D0362,90,1932.2695555555556,442.59000000000003,4513.226127530065,90,0.17777777777777778
D0363,97,1911.706288659794,373.64,9146.93585400977,97,0.25773195876288657
D0364,101,5367.0307920792075,370.4,19685.84395202734,101,0.22772277227722773
D0365,112,2058.296875,380.38,7025.101455341516,112,0.26785714285714285
D0366,97,4843.608350515464,409.84,15982.203322379897,97,0.26804123711340205
D0367,71,2815.397746478873,386.06,7218.016595072795,71,0.23943661971830985
D0368,100,3488.3837,446.99,19310.53534646824,100,0.24
D0369,113,2760.329115044248,333.9,8978.626318782268,113,0.23008849557522124
D0370,105,3200.907142857143,408.46,9671.34707396989,105,0.22857142857142856
D0371,99,2093.90404040404,369.77,7480.92609890946,99,0.24242424242424243
D0372,98,3294.1928571428575,368.11,10587.453011070258,98,0.29591836734693877
D0373,99,3967.9038383838383,396.29,17950.961831680394,99,0.21212121212121213
D0374,96,3527.1734375,373.405,10998.251196394322,96,0.25
D0375,93,1708.0225806451613,405.34,3385.7880408503147,93,0.12903225806451613
D0376,89,4050.673033707865,326.31,14644.770965672853,89,0.20224719101123595
D0377,112,1743.0050892857143,349.94500000000005,5374.277039363922,112,0.32142857142857145
D0378,110,2030.679909090909,347.765,8215.753247008417,110,0.32727272727272727
D0379,103,3077.2123300970875,356.55,9865.400984384392,103,0.3300970873786408
D0380,118,38833.81177966102,425.625,401230.40657220274,118,0.22033898305084745
D0381,103,5221.558349514563,396.45,15076.838724820831,103,0.30097087378640774
D0382,93,2808.755376344086,390.29,9932.463575794138,93,0.34408602150537637
D0383,107,9336.001028037383,408.45,63134.98658395398,107,0.205607476635514
D0384,116,2567.8375862068965,399.705,6067.179019133603,116,0.19827586206896552
D0385,95,61583.37905263158,433.56,473284.3120447059,95,0.21052631578947367
D0386,114,4613.568070175439,390.655,11538.036002951116,114,0.2982456140350877
D0387,94,2493.559680851064,374.435,6928.408745755648,94,0.20212765957446807
D0388,107,2906.7075700934583,417.96,8378.876894781512,107,0.308411214953271
D0389,103,2759.2912621359224,390.67,10195.267193406857,103,0.2912621359223301
D0390,93,3965.605268817204,359.4,13151.606667359381,93,0.20430107526881722
D0391,91,21291.21868131868,360.05,178336.3354693011,91,0.2967032967032967
D0392,105,3218.484857142857,403.06,11165.652611778738,105,0.17142857142857143
D0393,85,2155.903411764706,358.5,6863.511661764342,85,0.36470588235294116
D0394,89,3025.5078651685394,368.52,10359.449002399877,89,0.3595505617977528
D0395,111,3979.794234234234,372.99,12114.779480792387,111,0.22522522522522523
D0396,93,4737.760107526882,370.81,17859.09858165996,93,0.2903225806451613
D0397,96,2592.2621875,386.405,8795.543599424976,96,0.3020833333333333
D0398,104,2409.7071153846155,418.95,7052.051877473947,104,0.3173076923076923
D0399,79,2469.6345569620253,358.67,7906.855180379028,79,0.17721518987341772
D0400,116,3574.2764655172414,409.945,10307.808917183318,116,0.25862068965517243
D0401,112,4560.875803571428,397.905,13221.256477885867,112,0.25892857142857145
D0402,104,3522.7265384615384,385.0,11185.086393917205,104,0.28846153846153844
D0403,85,1820.8830588235294,343.02,8137.704420434231,85,0.2
D0404,87,1674.6080459770114,338.59,8109.875397968457,87,0.27586206896551724
D0405,113,3401.3938938053097,350.97,12006.683289615165,113,0.30973451327433627
D0406,102,3010.5642156862746,386.99,8590.693520636838,102,0.30392156862745096
D0407,108,1319.181388888889,363.30999999999995,2552.5019141796115,108,0.25
D0408,96,3748.8441666666663,337.83000000000004,12232.357617072212,96,0.2916666666666667
D0409,96,4423.170833333333,361.98,12240.080790289758,96,0.2916666666666667
D0410,96,2619.5375,355.28,8417.353413591156,96,0.21875
D0411,113,3392.8931858407077,356.87,10433.086442143729,113,0.26548672566371684
D0412,80,3657.971875,366.365,10631.903307587563,80,0.3
D0413,111,3257.88036036036,365.81,10937.772030443188,111,0.3153153153153153
D0414,102,2096.8253921568626,375.57,9151.831292408113,102,0.20588235294117646
D0415,103,3388.919126213592,404.27,13379.417856314481,103,0.2621359223300971
D0416,97,3426.53381443299,375.55,14893.147952160785,97,0.1958762886597938
D0417,107,3507.022056074766,358.14,11785.417876751997,107,0.2897196261682243
D0418,105,4862.747238095238,468.91,12699.51905091416,105,0.26666666666666666
D0419,99,4378.804646464646,397.49,12994.449995662617,99,0.31313131313131315
D0420,94,4375.525212765958,434.215,18091.671186852134,94,0.2978723404255319
D0421,101,3193.57900990099,435.63,11371.739717173756,101,0.2871287128712871
D0422,94,3389.6974468085104,390.03999999999996,11499.35737237118,94,0.2553191489361702
D0423,96,3610.5057291666667,431.03499999999997,10869.644926082206,96,0.25
D0424,100,3624.465,428.205,8823.160482935886,100,0.26
D0425,94,22271.25765957447,413.20500000000004,176533.03193334793,94,0.2553191489361702
D0426,95,2074.1085263157893,382.65,6084.44059033944,95,0.2631578947368421
D0427,106,2317.0742452830186,377.47,6600.052331449666,106,0.22641509433962265
D0428,101,1180.0185148514852,349.94,5044.490388470056,101,0.21782178217821782
D0429,90,1903.6143333333334,343.655,7082.878811314868,90,0.3333333333333333
D0430,97,4535.495360824742,390.59,12819.400515520903,97,0.30927835051546393
D0431,111,2923.7559459459458,398.46,9312.27530358655,111,0.1981981981981982
D0432,97,3934.6097938144326,377.93,12550.402371129709,97,0.17525773195876287
D0433,111,1448.2246846846847,348.52,4557.989312841558,111,0.1981981981981982
D0434,105,7431.885809523809,377.5,45813.8685371504,105,0.24761904761904763
D0435,106,1738.3265094339624,431.12,5193.979357394123,106,0.25471698113207547
D0436,89,1376.4855056179777,378.91,2744.382701892263,89,0.3146067415730337
D0437,88,1648.7189772727272,397.34000000000003,4866.5758428682275,88,0.25
D0438,90,2939.8752222222224,335.28499999999997,10431.427808020115,90,0.25555555555555554
D0439,93,1969.1212903225805,375.65,5711.864538164557,93,0.3118279569892473
D0440,103,2542.0158252427186,339.6,8736.595923228764,103,0.2815533980582524
D0441,92,1684.300652173913,367.78499999999997,5146.765783728011,92,0.30434782608695654
D0442,103,3533.9109708737865,371.04,10687.736158605147,103,0.2524271844660194
D0443,103,2680.6852427184467,411.79,8800.651960300156,103,0.2912621359223301
D0444,105,9529.374476190476,408.69,64416.58876026356,105,0.26666666666666666
D0445,85,8546.396470588235,370.22,53670.579040240766,85,0.21176470588235294
D0446,93,3026.987526881721,389.25,10201.546790206638,93,0.20430107526881722
D0447,108,4540.427407407407,372.155,14004.40572878529,108,0.24074074074074073
D0448,110,2688.0759090909087,392.92999999999995,10041.314783335389,110,0.2545454545454545
D0449,110,4780.409090909091,392.63,12270.68725334153,110,0.3
D0450,105,2550.2750476190477,383.27,9819.114590668798,105,0.22857142857142856
D0451,119,2550.8084033613445,407.28,7946.666537257586,119,0.29411764705882354
D0452,91,3306.1151648351647,426.71,11612.501620291465,91,0.27472527472527475
D0453,95,6626.282421052631,409.17,26306.967199335788,95,0.25263157894736843
D0454,93,1997.3164516129032,305.99,10584.084371906949,93,0.24731182795698925
D0455,109,4127.10256880734,424.58,11624.796316141488,109,0.28440366972477066
D0456,106,3591.864905660377,386.34000000000003,18913.990526496025,106,0.27358490566037735
D0457,115,2861.728347826087,359.12,8468.890986997174,115,0.22608695652173913
D0458,97,5489.624948453608,445.01,14658.753618420156,97,0.1958762886597938
D0459,97,3534.698556701031,280.9,11421.175219149492,97,0.28865979381443296
D0460,99,3294.207272727273,354.45,10267.839803105342,99,0.23232323232323232
D0461,92,4261.271739130435,367.025,15423.8990837461,92,0.17391304347826086
D0462,92,5491.828478260869,388.345,14414.549885930994,92,0.22826086956521738
D0463,98,4763.986734693877,384.255,13900.00889972805,98,0.25510204081632654
D0464,91,2335.639120879121,360.64,9691.542643915382,91,0.3076923076923077
D0465,123,5057.273414634146,357.91,16305.205710899227,123,0.2764227642276423
D0466,109,2245.549266055046,373.17,6376.988364188373,109,0.21100917431192662
D0467,107,3742.1028037383176,365.45,11588.519661211702,107,0.2336448598130841
D0468,99,3589.0621212121214,379.32,14325.545255296058,99,0.24242424242424243
D0469,105,2193.958,391.04,6900.859540679503,105,0.23809523809523808
D0470,103,4399.750194174758,433.49,11991.154338243034,103,0.2815533980582524
D0471,106,3263.0087735849056,324.01,10803.04112761223,106,0.29245283018867924
D0472,95,2081.178,365.54,6916.624194157086,95,0.28421052631578947
D0473,92,4053.7392391304347,378.48,12157.576816370702,92,0.30434782608695654
D0474,73,1431.4428767123288,404.38,1692.680380741083,73,0.2876712328767123
D0475,84,7939.6413095238095,479.365,18865.747824361337,84,0.2261904761904762
D0476,90,2361.748888888889,372.96,6849.758413226506,90,0.24444444444444444
D0477,101,1690.8395049504952,369.03,6578.149061335168,101,0.25742574257425743
D0478,124,2062.286048387097,401.03,6076.312078989434,124,0.3064516129032258
D0479,104,1036.7855769230769,363.735,2185.0725113123517,104,0.25961538461538464
D0480,102,1998.2229411764704,360.375,6859.193391411365,102,0.2549019607843137
D0481,84,4668.304523809524,380.315,12715.051136744118,84,0.34523809523809523
D0482,91,10355.408571428572,422.08,72528.42937836821,91,0.1978021978021978
D0483,90,3091.0256666666664,306.32500000000005,11549.625103219068,90,0.24444444444444444
D0484,106,4118.3929245283025,402.28,11657.94182412912,106,0.27358490566037735
D0485,104,4451.141826923077,430.57,11387.131018809503,104,0.17307692307692307
D0486,83,3342.210120481928,373.8,10995.684484380456,83,0.14457831325301204
D0487,103,2613.3017475728157,389.44,7654.315140752552,103,0.24271844660194175
D0488,95,1851.140105263158,386.05,6624.0397534975555,95,0.24210526315789474
D0489,96,4613.003645833333,364.37,13227.678708433365,96,0.1875
D0490,95,3049.103684210526,285.03,11197.020999664881,95,0.23157894736842105
D0491,108,2064.3556481481482,376.865,5993.4536165196505,108,0.21296296296296297
D0492,100,6286.2573,405.985,36014.36945600992,100,0.25
D0493,98,2117.9424489795915,365.9,8546.796293876963,98,0.25510204081632654
D0494,105,2001.3808571428572,376.59,5558.132020012367,105,0.23809523809523808
D0495,117,2945.45094017094,400.31,9972.35985953572,117,0.26495726495726496
D0496,129,8068.775736434109,363.9,65597.05151655206,129,0.2248062015503876
D0497,125,4232.46032,438.15,12170.096126201655,125,0.272
D0498,106,14263.913679245285,335.1,75416.62909748238,106,0.19811320754716982
D0499,105,2289.191047619048,375.26,8233.974833191594,105,0.26666666666666666
D0500,109,2015.5318348623853,310.51,7794.684536977408,109,0.3211009174311927
